{
    "mean": [
        27.43508529663086,
        17.87186622619629,
        72.06219482421875,
        12788.4970703125,
        36897.86328125,
        1.3975697755813599
    ],
    "std": [
        1.625683069229126,
        0.5854839086532593,
        8.696388244628906,
        6300.8017578125,
        1921.881591796875,
        0.2596297264099121
    ]
}